,Symbol
0,AAON
1,AAP
2,AAT
3,ABCB
4,ABG
5,ABM
6,ABR
7,ACA
8,ACIW
9,ACLS
10,ADEA
11,ADTN
12,ADUS
13,AEIS
14,AEL
15,AEO
16,AGO
17,AGTI
18,AGYS
19,AHCO
20,AHH
21,AIN
22,AIR
23,AKR
24,AL
25,ALEX
26,ALG
27,ALGT
28,ALK
29,ALKS
30,ALRM
31,AMBC
32,AMCX
33,AMEH
34,AMN
35,AMPH
36,AMR
37,AMSF
38,AMWD
39,ANDE
40,ANF
41,ANIP
42,AORT
43,AOSL
44,APAM
45,APLE
46,APOG
47,ARCB
48,ARCH
49,ARI
50,ARLO
51,AROC
52,ARR
53,ASIX
54,ASO
55,ASTE
56,ATEN
57,ATGE
58,ATI
59,ATNI
60,AUB
61,AVA
62,AVAV
63,AVNS
64,AWI
65,AWR
66,AX
67,AXL
68,AZZ
69,B
70,BANC
71,BANF
72,BANR
73,BCC
74,BCPC
75,BDN
76,BFH
77,BFS
78,BGC
79,BGS
80,BHE
81,BHLB
82,BJRI
83,BKE
84,BKU
85,BL
86,BLFS
87,BLMN
88,BMI
89,BOH
90,BOOT
91,BOX
92,BRC
93,BRKL
94,BSIG
95,BTU
96,BXMT
97,CABO
98,CAKE
99,CAL
100,CALM
101,CALX
102,CARG
103,CARS
104,CASH
105,CATY
106,CBRL
107,CBU
108,CCOI
109,CCRN
110,CCS
111,CEIX
112,CENT
113,CENTA
114,CENX
115,CERT
116,CEVA
117,CFFN
118,CHCO
119,CHCT
120,CHEF
121,CHUY
122,CLB
123,CLDT
124,CLW
125,CMP
126,CNK
127,CNMD
128,CNS
129,CNSL
130,CNXN
131,COHU
132,COLL
133,COOP
134,CORT
135,CPF
136,CPK
137,CPRX
138,CRC
139,CRK
140,CRNC
141,CRS
142,CRSR
143,CRVL
144,CSGS
145,CSR
146,CTKB
147,CTRE
148,CTS
149,CUBI
150,CVBF
151,CVCO
152,CVGW
153,CVI
154,CWEN
155,CWEN.A
156,CWK
157,CWT
158,CXM
159,CXW
160,DAN
161,DBI
162,DCOM
163,DDD
164,DEA
165,DEI
166,DFIN
167,DGII
168,DIN
169,DIOD
170,DLX
171,DNOW
172,DORM
173,DRH
174,DRQ
175,DV
176,DVAX
177,DXC
178,DXPE
179,DY
180,EAT
181,ECPG
182,EFC
183,EGBN
184,EHAB
185,EIG
186,ELME
187,EMBC
188,ENR
189,ENSG
190,ENV
191,ENVA
192,EPAC
193,EPC
194,EPRT
195,ESE
196,ETD
197,EVTC
198,EXPI
199,EXTR
200,EYE
201,EZPW
202,FBK
203,FBNC
204,FBP
205,FBRT
206,FCF
207,FCPT
208,FDP
209,FELE
210,FFBC
211,FHB
212,FIZZ
213,FL
214,FLGT
215,FN
216,FORM
217,FOXF
218,FSS
219,FTDR
220,FTRE
221,FUL
222,FULT
223,FWRD
224,GBX
225,GDEN
226,GDOT
227,GEO
228,GES
229,GFF
230,GIII
231,GKOS
232,GMS
233,GNL
234,GNW
235,GOGO
236,GPI
237,GPRE
238,GRBK
239,GSHD
240,GTY
241,GVA
242,HAFC
243,HAIN
244,HASI
245,HAYN
246,HAYW
247,HBI
248,HCC
249,HCI
250,HCSG
251,HFWA
252,HI
253,HIBB
254,HIW
255,HLIT
256,HLX
257,HMN
258,HNI
259,HOPE
260,HOUS
261,HP
262,HPP
263,HRMY
264,HSII
265,HSTM
266,HTH
267,HTLD
268,HUBG
269,HVT
270,HWKN
271,HZO
272,IBP
273,IBTX
274,ICHR
275,ICUI
276,IDCC
277,IIIN
278,IIPR
279,INDB
280,INN
281,INVA
282,IOSP
283,IPAR
284,IRWD
285,ITGR
286,ITRI
287,JACK
288,JBGS
289,JBLU
290,JBSS
291,JBT
292,JJSF
293,JOE
294,JXN
295,KALU
296,KAR
297,KELYA
298,KFY
299,KLG
300,KLIC
301,KMT
302,KN
303,KOP
304,KREF
305,KSS
306,KTB
307,KW
308,KWR
309,LBRT
310,LCII
311,LESL
312,LGIH
313,LGND
314,LKFN
315,LMAT
316,LNC
317,LNN
318,LPG
319,LQDT
320,LRN
321,LTC
322,LUMN
323,LXP
324,LZB
325,MAC
326,MATV
327,MATW
328,MATX
329,MBC
330,MC
331,MCRI
332,MCS
333,MCW
334,MCY
335,MD
336,MED
337,MEI
338,MERC
339,MGEE
340,MGPI
341,MGY
342,MHO
343,MLAB
344,MLKN
345,MLI
346,MMI
347,MMSI
348,MNRO
349,MODG
350,MOG.A
351,MOV
352,MPW
353,MRCY
354,MRTN
355,MSEX
356,MSGS
357,MTH
358,MTRN
359,MTX
360,MXL
361,MYE
362,MYGN
363,MYRG
364,NABL
365,NARI
366,NATL
367,NAVI
368,NBHC
369,NBR
370,NBTB
371,NEO
372,NFBK
373,NGVT
374,NHC
375,NMIH
376,NOG
377,NPK
378,NPO
379,NSIT
380,NTCT
381,NUS
382,NVEE
383,NVRI
384,NWBI
385,NWL
386,NWN
387,NX
388,NXRT
389,NYMT
390,ODP
391,OFG
392,OGN
393,OI
394,OII
395,OMCL
396,OMI
397,OSIS
398,OSUR
399,OTTR
400,OUT
401,OXM
402,PAHC
403,PARR
404,PAYO
405,PATK
406,PBH
407,PBI
408,PCRX
409,PDCO
410,PDFS
411,PEB
412,PECO
413,PFBC
414,PFS
415,PHIN
416,PINC
417,PIPR
418,PJT
419,PLAB
420,PLAY
421,PLMR
422,PLUS
423,PLXS
424,PMT
425,POWL
426,PPBI
427,PRA
428,PRAA
429,PRDO
430,PRFT
431,PRG
432,PRGS
433,PRK
434,PRLB
435,PRVA
436,PSMT
437,PTEN
438,PUMP
439,PZZA
440,QNST
441,RAMP
442,RC
443,RCUS
444,RDN
445,RDNT
446,RES
447,REX
448,REZI
449,RGNX
450,RGP
451,RGR
452,RILY
453,RNST
454,ROCK
455,ROG
456,ROIC
457,RUN
458,RUSHA
459,RWT
460,RXO
461,SAFE
462,SABR
463,SAFT
464,SAH
465,SANM
466,SATS
467,SBCF
468,SBH
469,SBSI
470,SCHL
471,SCL
472,SCSC
473,SCVL
474,SDGR
475,SEDG
476,SEE
477,SEM
478,SFBS
479,SFNC
480,SGH
481,SHAK
482,SHEN
483,SHO
484,SHOO
485,SIG
486,SITC
487,SITM
488,SIX
489,SJW
490,SKT
491,SKYW
492,SLCA
493,SLG
494,SLP
495,SLVM
496,SM
497,SMP
498,SMPL
499,SMTC
500,SNCY
501,SNEX
502,SONO
503,SPNT
504,SPSC
505,SPTN
506,SPWR
507,SPXC
508,SSTK
509,STAA
510,STBA
511,STC
512,STEL
513,STRA
514,SUPN
515,SVC
516,SXC
517,SXI
518,SXT
519,TALO
520,TBBK
521,TDS
522,TFIN
523,TGI
524,THRM
525,THRY
526,THS
527,TILE
528,TMP
529,TMST
530,TNC
531,TNDM
532,TPH
533,TR
534,TRIP
535,TRMK
536,TRN
537,TRST
538,TRUP
539,TTEC
540,TTGT
541,TTMI
542,TWI
543,TWO
544,UCBI
545,UCTT
546,UE
547,UFCS
548,UFPT
549,UHT
550,UNF
551,UNFI
552,UNIT
553,UPBD
554,URBN
555,USNA
556,USPH
557,UTL
558,UVV
559,VBTX
560,VCEL
561,VECO
562,VFC
563,VGR
564,VIAV
565,VICR
566,VIR
567,VRE
568,VREX
569,VRRM
570,VRTS
571,VSAT
572,VSCO
573,VSTO
574,VSTS
575,VTOL
576,VTLE
577,VVI
578,VYX
579,WABC
580,WAFD
581,WD
582,WDFC
583,WGO
584,WIRE
585,WKC
586,WLY
587,WNC
588,WOR
589,WRLD
590,WS
591,WSFS
592,WSR
593,WT
594,WWW
595,XHR
596,XNCR
597,XPEL
598,XPER
599,XRX
600,YELP
601,ZEUS
